id;first_name;last_name;email;phone_number;hire_date
1;Keanu;Willms;Carroll80@hotmail.com;capacity Borders Investment Account;2020-06-08T01:30:34
2;Aaron;Hoppe;Creola23@gmail.com;driver mobile;2020-06-08T03:36:58
3;Laurence;Schmeler;Jessika4@gmail.com;Gorgeous Soft Towels;2020-06-08T08:26:20
4;Terence;Bartell;Leonard68@yahoo.com;Bedfordshire wireless FTP;2020-06-07T21:50:18
5;Lawson;Quitzon;Kavon6@yahoo.com;payment connect;2020-06-07T21:34:08
6;Genesis;Altenwerth;Jayden_Legros@gmail.com;deposit firewall card;2020-06-08T08:09:48
7;Eugenia;Torphy;Kayden.Cummerata@gmail.com;fault-tolerant;2020-06-07T21:50:14
8;Timmy;Beer;Hayden4@yahoo.com;infomediaries invoice;2020-06-07T15:32:14
9;Teagan;Kohler;Dane67@gmail.com;Investment Account Garden;2020-06-07T21:44:49
10;Rowena;McKenzie;Maegan.Greenholt@hotmail.com;Manager;2020-06-07T23:01:05
